First Name,Last Name, Name, Cellphone
,,,121111111111111111111111111111111111
,,test lead user,(123) 456-7890
,,user lead1 last lead1,+1 (503) 605-3057
,,dum fname dum lname,(123) 456-7890
,,Sam Doe,(121) 242-4500
,,Noman,(654) 125-4125
,,Paloma Mills,+1 (503) 605-3057
,,Noman,(654) 125-4125
,,test user lead,(123) 456-7890
,,test new lead1 test new last lead1,1234567890
,,test new data1,(123) 456-7890
,,test new data2,(123) 456-7890
,,test user,(123) 456-7890
,,test lead data,(123) 456-7890
Finn Carey,Briar Aguirre,,1111111111111
Kennedy Sawyer,Colleen Camacho,,(123) 456-7890
Eve Wright,Ivory Simon,,(131) 637-2774
Nathan David,Josephine Morris,,+1 (571) 626-5429
Arden Sharpe,Maggie Castro,,(189) 419-9142
Charde Gardner test,Matthew Cain test,Charde Gardner test  Matthew Cain test,(134) 111-5422
Judah Spencer,Mercedes Hamilton,,+1 (957) 283-8562
Edan Espinoza,Roth Gibbs,,+1 (443) 954-2683
test first name,test last name,,(123) 456-7890
Hayley Whitney,test user,Hayley Whitney test user,(123) 456-7890
