,,(123) 456-7890
,,(121) 242-4500
,,(654) 125-4125
,,+1 (503) 605-3057
,,(654) 125-4125
,,(123) 456-7890
,,1234567890
,,(123) 456-7890
,,(123) 456-7890
,,121111111111111111111111111111111111
,,(123) 456-7890
,,+1 (503) 605-3057
,,(123) 456-7890
,,(123) 456-7890
Finn Carey,Briar Aguirre,1111111111111
Kennedy Sawyer,Colleen Camacho,(123) 456-7890
Nathan David,Josephine Morris,+1 (571) 626-5429
Arden Sharpe,Maggie Castro,(189) 419-9142
Judah Spencer,Mercedes Hamilton,+1 (957) 283-8562
Edan Espinoza,Roth Gibbs,+1 (443) 954-2683
test first name,test last name,(123) 456-7890
Hayley Whitney,test user,(123) 456-7890
